1,1,1,1,1,1
2,1,2,1,1,1
3,1,3,1,1,1
4,1,4,1,1,1
5,1,5,1,1,1
6,1,6,1,1,1
7,1,7,1,1,1
8,1,8,1,1,1
9,1,9,1,1,1
10,1,10,1,1,1
11,1,11,1,1,1
12,1,12,1,1,1
13,1,13,1,1,1
14,1,14,1,1,1
15,1,15,1,1,1
16,1,16,1,1,1
17,1,17,1,1,1
18,1,18,1,1,1
19,1,19,1,1,1
20,1,20,1,1,1
21,1,21,1,1,1
22,1,22,1,1,1
23,1,23,1,1,1
24,1,24,1,1,1
25,1,25,1,1,1
26,1,26,1,1,1
27,1,27,1,1,1
28,1,28,1,1,1
29,1,29,1,1,1
30,1,30,1,1,1
31,1,31,1,1,1
32,1,32,1,1,1
33,1,33,1,1,1
34,1,34,1,1,1
35,1,35,1,1,1
36,1,36,1,1,1
37,1,37,1,1,1
38,1,38,1,1,1
39,1,39,1,1,1
40,1,40,1,1,1
41,1,41,1,1,1
42,1,42,1,1,1
43,1,43,1,1,1
44,1,44,1,1,1
45,1,45,1,1,1
46,1,46,1,1,1
47,1,47,1,1,1
48,1,48,1,1,1
49,1,49,1,1,1
50,1,50,1,1,1
51,1,51,1,1,1
52,1,52,1,1,1
53,1,53,1,1,1
54,1,54,1,1,1
55,1,55,1,1,1
56,1,56,1,1,1
57,1,57,1,1,1
58,1,58,1,1,1
59,1,59,1,1,1
60,1,60,1,1,1
61,1,61,1,1,1
62,1,62,1,1,1
63,1,63,1,1,1
64,1,64,1,1,1
65,1,65,1,1,1
66,1,66,1,1,1
67,1,67,1,1,1
68,1,68,1,1,1
69,1,69,1,1,1
70,1,70,1,1,1
71,1,71,1,1,1
72,1,72,1,1,1
73,1,73,1,1,1
74,1,74,1,1,1
75,1,75,1,1,1
76,1,76,1,1,1
77,1,77,1,1,1
78,1,78,1,1,1
79,1,79,1,1,1
80,1,80,1,1,1
81,1,81,1,1,1
82,1,82,1,1,1
83,1,83,1,1,1
84,1,84,1,1,1
85,1,85,1,1,1
86,1,86,1,1,1
87,1,87,1,1,1
88,1,88,1,1,1
89,1,89,1,1,1
90,1,90,1,1,1
91,1,91,1,1,1
92,1,92,1,1,1
93,1,93,1,1,1
94,1,94,1,1,1
95,1,95,1,1,1
96,1,96,1,1,1
97,1,97,1,1,1
98,1,98,1,1,1
99,1,99,1,1,1
100,1,100,1,1,1
101,1,101,1,1,1
102,1,102,1,1,1
103,1,103,1,1,1
104,1,104,1,1,1
105,1,105,1,1,1
106,1,106,1,1,1
107,1,107,1,1,1
108,1,108,1,1,1
109,1,109,1,1,1
110,1,110,1,1,1
111,1,111,1,1,1
112,1,112,1,1,1
113,1,113,1,1,1
114,1,114,1,1,1
115,1,115,1,1,1
116,1,116,1,1,1
117,1,117,1,1,1
118,1,118,1,1,1
119,1,119,1,1,1
120,1,120,1,1,1
121,1,121,1,1,1
122,1,122,1,1,1
123,1,123,1,1,1
124,1,124,1,1,1
125,1,125,1,1,1
126,1,126,1,1,1
127,1,127,1,1,1
128,1,128,1,1,1
129,1,129,1,1,1
130,1,130,1,1,1
131,1,131,1,1,1
132,1,132,1,1,1
133,1,133,1,1,1
134,1,134,1,1,1
135,2,1,1,1,1
136,2,2,1,1,1
137,2,3,1,1,1
138,2,4,1,1,1
139,2,5,1,1,1
140,2,6,1,1,1
141,2,7,1,1,1
142,2,8,1,1,1
143,2,9,1,1,1
144,2,10,1,1,1
145,2,11,1,1,1
146,2,12,1,1,1
147,2,13,1,1,1
148,2,14,1,1,1
149,2,15,1,1,1
150,2,16,1,1,1
151,2,17,1,1,1
152,2,18,1,1,1
153,2,19,1,1,1
154,2,20,1,1,1
155,2,21,1,1,1
156,2,22,1,1,1
157,2,23,1,1,1
158,2,24,1,1,1
159,2,25,1,1,1
160,2,26,1,1,1
161,2,27,1,1,1
162,2,28,1,1,1
163,2,29,1,1,1
164,2,30,1,1,1
165,2,31,1,1,1
166,2,32,1,1,1
167,2,33,1,1,1
168,2,34,1,1,1
169,2,35,1,1,1
170,2,36,1,1,1
171,2,37,1,1,1
172,2,38,1,1,1
173,2,39,1,1,1
174,2,40,1,1,1
175,2,41,1,1,1
176,2,42,1,1,1
177,2,43,1,1,1
178,2,44,1,1,1
179,2,45,1,1,1
180,2,46,1,1,1
181,2,47,1,1,1
182,2,48,1,1,1
183,2,49,1,1,1
184,2,50,1,1,1
185,2,51,1,1,1
186,2,52,1,1,1
187,2,53,1,1,1
188,2,54,1,1,1
189,2,55,1,1,1
190,2,56,1,1,1
191,2,57,1,1,1
192,2,58,1,1,1
193,2,59,1,1,1
194,2,60,1,1,1
195,2,61,1,1,1
196,2,62,1,1,1
197,2,63,1,1,1
198,2,64,1,1,1
199,2,65,1,1,1
200,2,66,1,1,1
201,2,67,1,1,1
202,2,68,1,1,1
203,2,69,1,1,1
204,2,70,1,1,1
205,2,71,1,1,1
206,2,72,1,1,1
207,2,73,1,1,1
208,2,74,1,1,1
209,2,75,1,1,1
210,2,76,1,1,1
211,2,77,1,1,1
212,2,78,1,1,1
213,2,79,1,1,1
214,2,80,1,1,1
215,2,81,1,1,1
216,2,82,1,1,1
217,2,83,1,1,1
218,2,84,1,1,1
219,2,85,1,1,1
220,2,86,1,1,1
221,2,87,1,1,1
222,2,88,1,1,1
223,2,89,1,1,1
224,2,90,1,1,1
225,2,91,1,1,1
226,2,92,1,1,1
227,2,93,1,1,1
228,2,94,1,1,1
229,2,95,1,1,1
230,2,96,1,1,1
231,2,97,1,1,1
232,2,98,1,1,1
233,2,99,1,1,1
234,2,100,1,1,1
235,2,101,1,1,1
236,2,102,1,1,1
237,2,103,1,1,1
238,2,104,1,1,1
239,2,105,1,1,1
240,2,106,1,1,1
241,2,107,1,1,1
242,2,108,1,1,1
243,2,109,1,1,1
244,2,110,1,1,1
245,2,111,1,1,1
246,2,112,1,1,1
247,2,113,1,1,1
248,2,114,1,1,1
249,2,115,1,1,1
250,2,116,1,1,1
251,2,117,1,1,1
252,2,118,1,1,1
253,2,119,1,1,1
254,2,120,1,1,1
255,2,121,1,1,1
256,2,122,1,1,1
257,2,123,1,1,1
258,2,124,1,1,1
259,2,125,1,1,1
260,2,126,1,1,1
261,2,127,1,1,1
262,2,128,1,1,1
263,2,129,1,1,1
264,2,130,1,1,1
265,2,131,1,1,1
266,2,132,1,1,1
267,2,133,1,1,1
268,2,134,1,1,1
269,3,1,1,1,1
270,3,2,1,1,1
271,3,3,1,1,1
272,3,4,1,1,1
273,3,5,1,1,1
274,3,6,1,1,1
275,3,7,1,1,1
276,3,8,1,1,1
277,3,9,1,1,1
278,3,10,1,1,1
279,3,11,1,1,1
280,3,12,1,1,1
281,3,13,1,1,1
282,3,14,1,1,1
283,3,15,1,1,1
284,3,16,1,1,1
285,3,17,1,1,1
286,3,18,1,1,1
287,3,19,1,1,1
288,3,20,1,1,1
289,3,21,1,1,1
290,3,22,1,1,1
291,3,23,1,1,1
292,3,24,1,1,1
293,3,25,1,1,1
294,3,26,1,1,1
295,3,27,1,1,1
296,3,28,1,1,1
297,3,29,1,1,1
298,3,30,1,1,1
299,3,31,1,1,1
300,3,32,1,1,1
301,3,33,1,1,1
302,3,34,1,1,1
303,3,35,1,1,1
304,3,36,1,1,1
305,3,37,1,1,1
306,3,38,1,1,1
307,3,39,1,1,1
308,3,40,1,1,1
309,3,41,1,1,1
310,3,42,1,1,1
311,3,43,1,1,1
312,3,44,1,1,1
313,3,45,1,1,1
314,3,46,1,1,1
315,3,47,1,1,1
316,3,48,1,1,1
317,3,49,1,1,1
318,3,50,1,1,1
319,3,51,1,1,1
320,3,52,1,1,1
321,3,53,1,1,1
322,3,54,1,1,1
323,3,55,1,1,1
324,3,56,1,1,1
325,3,57,1,1,1
326,3,58,1,1,1
327,3,59,1,1,1
328,3,60,1,1,1
329,3,61,1,1,1
330,3,62,1,1,1
331,3,63,1,1,1
332,3,64,1,1,1
333,3,65,1,1,1
334,3,66,1,1,1
335,3,67,1,1,1
336,3,68,1,1,1
337,3,69,1,1,1
338,3,70,1,1,1
339,3,71,1,1,1
340,3,72,1,1,1
341,3,73,1,1,1
342,3,74,1,1,1
343,3,75,1,1,1
344,3,76,1,1,1
345,3,77,1,1,1
346,3,78,1,1,1
347,3,79,1,1,1
348,3,80,1,1,1
349,3,81,1,1,1
350,3,82,1,1,1
351,3,83,1,1,1
352,3,84,1,1,1
353,3,85,1,1,1
354,3,86,1,1,1
355,3,87,1,1,1
356,3,88,1,1,1
357,3,89,1,1,1
358,3,90,1,1,1
359,3,91,1,1,1
360,3,92,1,1,1
361,3,93,1,1,1
362,3,94,1,1,1
363,3,95,1,1,1
364,3,96,1,1,1
365,3,97,1,1,1
366,3,98,1,1,1
367,3,99,1,1,1
368,3,100,1,1,1
369,3,101,1,1,1
370,3,102,1,1,1
371,3,103,1,1,1
372,3,104,1,1,1
373,3,105,1,1,1
374,3,106,1,1,1
375,3,107,1,1,1
376,3,108,1,1,1
377,3,109,1,1,1
378,3,110,1,1,1
379,3,111,1,1,1
380,3,112,1,1,1
381,3,113,1,1,1
382,3,114,1,1,1
383,3,115,1,1,1
384,3,116,1,1,1
385,3,117,1,1,1
386,3,118,1,1,1
387,3,119,1,1,1
388,3,120,1,1,1
389,3,121,1,1,1
390,3,122,1,1,1
391,3,123,1,1,1
392,3,124,1,1,1
393,3,125,1,1,1
394,3,126,1,1,1
395,3,127,1,1,1
396,3,128,1,1,1
397,3,129,1,1,1
398,3,130,1,1,1
399,3,131,1,1,1
400,3,132,1,1,1
401,3,133,1,1,1
402,3,134,1,1,1
403,4,1,1,1,1
404,4,2,1,1,1
405,4,3,1,1,1
406,4,4,1,1,1
407,4,5,1,1,1
408,4,6,1,1,1
409,4,7,1,1,1
410,4,8,1,1,1
411,4,9,1,1,1
412,4,10,1,1,1
413,4,11,1,1,1
414,4,12,1,1,1
415,4,13,1,1,1
416,4,14,1,1,1
417,4,15,1,1,1
418,4,16,1,1,1
419,4,17,1,1,1
420,4,18,1,1,1
421,4,19,1,1,1
422,4,20,1,1,1
423,4,21,1,1,1
424,4,22,1,1,1
425,4,23,1,1,1
426,4,24,1,1,1
427,4,25,1,1,1
428,4,26,1,1,1
429,4,27,1,1,1
430,4,28,1,1,1
431,4,29,1,1,1
432,4,30,1,1,1
433,4,31,1,1,1
434,4,32,1,1,1
435,4,33,1,1,1
436,4,34,1,1,1
437,4,35,1,1,1
438,4,36,1,1,1
439,4,37,1,1,1
440,4,38,1,1,1
441,4,39,1,1,1
442,4,40,1,1,1
443,4,41,1,1,1
444,4,42,1,1,1
445,4,43,1,1,1
446,4,44,1,1,1
447,4,45,1,1,1
448,4,46,1,1,1
449,4,47,1,1,1
450,4,48,1,1,1
451,4,49,1,1,1
452,4,50,1,1,1
453,4,51,1,1,1
454,4,52,1,1,1
455,4,53,1,1,1
456,4,54,1,1,1
457,4,55,1,1,1
458,4,56,1,1,1
459,4,57,1,1,1
460,4,58,1,1,1
461,4,59,1,1,1
462,4,60,1,1,1
463,4,61,1,1,1
464,4,62,1,1,1
465,4,63,1,1,1
466,4,64,1,1,1
467,4,65,1,1,1
468,4,66,1,1,1
469,4,67,1,1,1
470,4,68,1,1,1
471,4,69,1,1,1
472,4,70,1,1,1
473,4,71,1,1,1
474,4,72,1,1,1
475,4,73,1,1,1
476,4,74,1,1,1
477,4,75,1,1,1
478,4,76,1,1,1
479,4,77,1,1,1
480,4,78,1,1,1
481,4,79,1,1,1
482,4,80,1,1,1
483,4,81,1,1,1
484,4,82,1,1,1
485,4,83,1,1,1
486,4,84,1,1,1
487,4,85,1,1,1
488,4,86,1,1,1
489,4,87,1,1,1
490,4,88,1,1,1
491,4,89,1,1,1
492,4,90,1,1,1
493,4,91,1,1,1
494,4,92,1,1,1
495,4,93,1,1,1
496,4,94,1,1,1
497,4,95,1,1,1
498,4,96,1,1,1
499,4,97,1,1,1
500,4,98,1,1,1
501,4,99,1,1,1
502,4,100,1,1,1
503,4,101,1,1,1
504,4,102,1,1,1
505,4,103,1,1,1
506,4,104,1,1,1
507,4,105,1,1,1
508,4,106,1,1,1
509,4,107,1,1,1
510,4,108,1,1,1
511,4,109,1,1,1
512,4,110,1,1,1
513,4,111,1,1,1
514,4,112,1,1,1
515,4,113,1,1,1
516,4,114,1,1,1
517,4,115,1,1,1
518,4,116,1,1,1
519,4,117,1,1,1
520,4,118,1,1,1
521,4,119,1,1,1
522,4,120,1,1,1
523,4,121,1,1,1
524,4,122,1,1,1
525,4,123,1,1,1
526,4,124,1,1,1
527,4,125,1,1,1
528,4,126,1,1,1
529,4,127,1,1,1
530,4,128,1,1,1
531,4,129,1,1,1
532,4,130,1,1,1
533,4,131,1,1,1
534,4,132,1,1,1
535,4,133,1,1,1
536,4,134,1,1,1
537,5,1,1,1,1
538,5,2,1,1,1
539,5,3,1,1,1
540,5,4,1,1,1
541,5,5,1,1,1
542,5,6,1,1,1
543,5,7,1,1,1
544,5,8,1,1,1
545,5,9,1,1,1
546,5,10,1,1,1
547,5,11,1,1,1
548,5,12,1,1,1
549,5,13,1,1,1
550,5,14,1,1,1
551,5,15,1,1,1
552,5,16,1,1,1
553,5,17,1,1,1
554,5,18,1,1,1
555,5,19,1,1,1
556,5,20,1,1,1
557,5,21,1,1,1
558,5,22,1,1,1
559,5,23,1,1,1
560,5,24,1,1,1
561,5,25,1,1,1
562,5,26,1,1,1
563,5,27,1,1,1
564,5,28,1,1,1
565,5,29,1,1,1
566,5,30,1,1,1
567,5,31,1,1,1
568,5,32,1,1,1
569,5,33,1,1,1
570,5,34,1,1,1
571,5,35,1,1,1
572,5,36,1,1,1
573,5,37,1,1,1
574,5,38,1,1,1
575,5,39,1,1,1
576,5,40,1,1,1
577,5,41,1,1,1
578,5,42,1,1,1
579,5,43,1,1,1
580,5,44,1,1,1
581,5,45,1,1,1
582,5,46,1,1,1
583,5,47,1,1,1
584,5,48,1,1,1
585,5,49,1,1,1
586,5,50,1,1,1
587,5,51,1,1,1
588,5,52,1,1,1
589,5,53,1,1,1
590,5,54,1,1,1
591,5,55,1,1,1
592,5,56,1,1,1
593,5,57,1,1,1
594,5,58,1,1,1
595,5,59,1,1,1
596,5,60,1,1,1
597,5,61,1,1,1
598,5,62,1,1,1
599,5,63,1,1,1
600,5,64,1,1,1
601,5,65,1,1,1
602,5,66,1,1,1
603,5,67,1,1,1
604,5,68,1,1,1
605,5,69,1,1,1
606,5,70,1,1,1
607,5,71,1,1,1
608,5,72,1,1,1
609,5,73,1,1,1
610,5,74,1,1,1
611,5,75,1,1,1
612,5,76,1,1,1
613,5,77,1,1,1
614,5,78,1,1,1
615,5,79,1,1,1
616,5,80,1,1,1
617,5,81,1,1,1
618,5,82,1,1,1
619,5,83,1,1,1
620,5,84,1,1,1
621,5,85,1,1,1
622,5,86,1,1,1
623,5,87,1,1,1
624,5,88,1,1,1
625,5,89,1,1,1
626,5,90,1,1,1
627,5,91,1,1,1
628,5,92,1,1,1
629,5,93,1,1,1
630,5,94,1,1,1
631,5,95,1,1,1
632,5,96,1,1,1
633,5,97,1,1,1
634,5,98,1,1,1
635,5,99,1,1,1
636,5,100,1,1,1
637,5,101,1,1,1
638,5,102,1,1,1
639,5,103,1,1,1
640,5,104,1,1,1
641,5,105,1,1,1
642,5,106,1,1,1
643,5,107,1,1,1
644,5,108,1,1,1
645,5,109,1,1,1
646,5,110,1,1,1
647,5,111,1,1,1
648,5,112,1,1,1
649,5,113,1,1,1
650,5,114,1,1,1
651,5,115,1,1,1
652,5,116,1,1,1
653,5,117,1,1,1
654,5,118,1,1,1
655,5,119,1,1,1
656,5,120,1,1,1
657,5,121,1,1,1
658,5,122,1,1,1
659,5,123,1,1,1
660,5,124,1,1,1
661,5,125,1,1,1
662,5,126,1,1,1
663,5,127,1,1,1
664,5,128,1,1,1
665,5,129,1,1,1
666,5,130,1,1,1
667,5,131,1,1,1
668,5,132,1,1,1
669,5,133,1,1,1
670,5,134,1,1,1
671,6,1,1,1,1
672,6,2,1,1,1
673,6,3,1,1,1
674,6,4,1,1,1
675,6,5,1,1,1
676,6,6,1,1,1
677,6,7,1,1,1
678,6,8,1,1,1
679,6,9,1,1,1
680,6,10,1,1,1
681,6,11,1,1,1
682,6,12,1,1,1
683,6,13,1,1,1
684,6,14,1,1,1
685,6,15,1,1,1
686,6,16,1,1,1
687,6,17,1,1,1
688,6,18,1,1,1
689,6,19,1,1,1
690,6,20,1,1,1
691,6,21,1,1,1
692,6,22,1,1,1
693,6,23,1,1,1
694,6,24,1,1,1
695,6,25,1,1,1
696,6,26,1,1,1
697,6,27,1,1,1
698,6,28,1,1,1
699,6,29,1,1,1
700,6,30,1,1,1
701,6,31,1,1,1
702,6,32,1,1,1
703,6,33,1,1,1
704,6,34,1,1,1
705,6,35,1,1,1
706,6,36,1,1,1
707,6,37,1,1,1
708,6,38,1,1,1
709,6,39,1,1,1
710,6,40,1,1,1
711,6,41,1,1,1
712,6,42,1,1,1
713,6,43,1,1,1
714,6,44,1,1,1
715,6,45,1,1,1
716,6,46,1,1,1
717,6,47,1,1,1
718,6,48,1,1,1
719,6,49,1,1,1
720,6,50,1,1,1
721,6,51,1,1,1
722,6,52,1,1,1
723,6,53,1,1,1
724,6,54,1,1,1
725,6,55,1,1,1
726,6,56,1,1,1
727,6,57,1,1,1
728,6,58,1,1,1
729,6,59,1,1,1
730,6,60,1,1,1
731,6,61,1,1,1
732,6,62,1,1,1
733,6,63,1,1,1
734,6,64,1,1,1
735,6,65,1,1,1
736,6,66,1,1,1
737,6,67,1,1,1
738,6,68,1,1,1
739,6,69,1,1,1
740,6,70,1,1,1
741,6,71,1,1,1
742,6,72,1,1,1
743,6,73,1,1,1
744,6,74,1,1,1
745,6,75,1,1,1
746,6,76,1,1,1
747,6,77,1,1,1
748,6,78,1,1,1
749,6,79,1,1,1
750,6,80,1,1,1
751,6,81,1,1,1
752,6,82,1,1,1
753,6,83,1,1,1
754,6,84,1,1,1
755,6,85,1,1,1
756,6,86,1,1,1
757,6,87,1,1,1
758,6,88,1,1,1
759,6,89,1,1,1
760,6,90,1,1,1
761,6,91,1,1,1
762,6,92,1,1,1
763,6,93,1,1,1
764,6,94,1,1,1
765,6,95,1,1,1
766,6,96,1,1,1
767,6,97,1,1,1
768,6,98,1,1,1
769,6,99,1,1,1
770,6,100,1,1,1
771,6,101,1,1,1
772,6,102,1,1,1
773,6,103,1,1,1
774,6,104,1,1,1
775,6,105,1,1,1
776,6,106,1,1,1
777,6,107,1,1,1
778,6,108,1,1,1
779,6,109,1,1,1
780,6,110,1,1,1
781,6,111,1,1,1
782,6,112,1,1,1
783,6,113,1,1,1
784,6,114,1,1,1
785,6,115,1,1,1
786,6,116,1,1,1
787,6,117,1,1,1
788,6,118,1,1,1
789,6,119,1,1,1
790,6,120,1,1,1
791,6,121,1,1,1
792,6,122,1,1,1
793,6,123,1,1,1
794,6,124,1,1,1
795,6,125,1,1,1
796,6,126,1,1,1
797,6,127,1,1,1
798,6,128,1,1,1
799,6,129,1,1,1
800,6,130,1,1,1
801,6,131,1,1,1
802,6,132,1,1,1
803,6,133,1,1,1
804,6,134,1,1,1
805,7,1,1,1,1
806,7,2,1,1,1
807,7,3,1,1,1
808,7,4,1,1,1
809,7,5,1,1,1
810,7,6,1,1,1
811,7,7,1,1,1
812,7,8,1,1,1
813,7,9,1,1,1
814,7,10,1,1,1
815,7,11,1,1,1
816,7,12,1,1,1
817,7,13,1,1,1
818,7,14,1,1,1
819,7,15,1,1,1
820,7,16,1,1,1
821,7,17,1,1,1
822,7,18,1,1,1
823,7,19,1,1,1
824,7,20,1,1,1
825,7,21,1,1,1
826,7,22,1,1,1
827,7,23,1,1,1
828,7,24,1,1,1
829,7,25,1,1,1
830,7,26,1,1,1
831,7,27,1,1,1
832,7,28,1,1,1
833,7,29,1,1,1
834,7,30,1,1,1
835,7,31,1,1,1
836,7,32,1,1,1
837,7,33,1,1,1
838,7,34,1,1,1
839,7,35,1,1,1
840,7,36,1,1,1
841,7,37,1,1,1
842,7,38,1,1,1
843,7,39,1,1,1
844,7,40,1,1,1
845,7,41,1,1,1
846,7,42,1,1,1
847,7,43,1,1,1
848,7,44,1,1,1
849,7,45,1,1,1
850,7,46,1,1,1
851,7,47,1,1,1
852,7,48,1,1,1
853,7,49,1,1,1
854,7,50,1,1,1
855,7,51,1,1,1
856,7,52,1,1,1
857,7,53,1,1,1
858,7,54,1,1,1
859,7,55,1,1,1
860,7,56,1,1,1
861,7,57,1,1,1
862,7,58,1,1,1
863,7,59,1,1,1
864,7,60,1,1,1
865,7,61,1,1,1
866,7,62,1,1,1
867,7,63,1,1,1
868,7,64,1,1,1
869,7,65,1,1,1
870,7,66,1,1,1
871,7,67,1,1,1
872,7,68,1,1,1
873,7,69,1,1,1
874,7,70,1,1,1
875,7,71,1,1,1
876,7,72,1,1,1
877,7,73,1,1,1
878,7,74,1,1,1
879,7,75,1,1,1
880,7,76,1,1,1
881,7,77,1,1,1
882,7,78,1,1,1
883,7,79,1,1,1
884,7,80,1,1,1
885,7,81,1,1,1
886,7,82,1,1,1
887,7,83,1,1,1
888,7,84,1,1,1
889,7,85,1,1,1
890,7,86,1,1,1
891,7,87,1,1,1
892,7,88,1,1,1
893,7,89,1,1,1
894,7,90,1,1,1
895,7,91,1,1,1
896,7,92,1,1,1
897,7,93,1,1,1
898,7,94,1,1,1
899,7,95,1,1,1
900,7,96,1,1,1
901,7,97,1,1,1
902,7,98,1,1,1
903,7,99,1,1,1
904,7,100,1,1,1
905,7,101,1,1,1
906,7,102,1,1,1
907,7,103,1,1,1
908,7,104,1,1,1
909,7,105,1,1,1
910,7,106,1,1,1
911,7,107,1,1,1
912,7,108,1,1,1
913,7,109,1,1,1
914,7,110,1,1,1
915,7,111,1,1,1
916,7,112,1,1,1
917,7,113,1,1,1
918,7,114,1,1,1
919,7,115,1,1,1
920,7,116,1,1,1
921,7,117,1,1,1
922,7,118,1,1,1
923,7,119,1,1,1
924,7,120,1,1,1
925,7,121,1,1,1
926,7,122,1,1,1
927,7,123,1,1,1
928,7,124,1,1,1
929,7,125,1,1,1
930,7,126,1,1,1
931,7,127,1,1,1
932,7,128,1,1,1
933,7,129,1,1,1
934,7,130,1,1,1
935,7,131,1,1,1
936,7,132,1,1,1
937,7,133,1,1,1
938,7,134,1,1,1
939,8,1,1,1,1
940,8,2,1,1,1
941,8,3,1,1,1
942,8,4,1,1,1
943,8,5,1,1,1
944,8,6,1,1,1
945,8,7,1,1,1
946,8,8,1,1,1
947,8,9,1,1,1
948,8,10,1,1,1
949,8,11,1,1,1
950,8,12,1,1,1
951,8,13,1,1,1
952,8,14,1,1,1
953,8,15,1,1,1
954,8,16,1,1,1
955,8,17,1,1,1
956,8,18,1,1,1
957,8,19,1,1,1
958,8,20,1,1,1
959,8,21,1,1,1
960,8,22,1,1,1
961,8,23,1,1,1
962,8,24,1,1,1
963,8,25,1,1,1
964,8,26,1,1,1
965,8,27,1,1,1
966,8,28,1,1,1
967,8,29,1,1,1
968,8,30,1,1,1
969,8,31,1,1,1
970,8,32,1,1,1
971,8,33,1,1,1
972,8,34,1,1,1
973,8,35,1,1,1
974,8,36,1,1,1
975,8,37,1,1,1
976,8,38,1,1,1
977,8,39,1,1,1
978,8,40,1,1,1
979,8,41,1,1,1
980,8,42,1,1,1
981,8,43,1,1,1
982,8,44,1,1,1
983,8,45,1,1,1
984,8,46,1,1,1
985,8,47,1,1,1
986,8,48,1,1,1
987,8,49,1,1,1
988,8,50,1,1,1
989,8,51,1,1,1
990,8,52,1,1,1
991,8,53,1,1,1
992,8,54,1,1,1
993,8,55,1,1,1
994,8,56,1,1,1
995,8,57,1,1,1
996,8,58,1,1,1
997,8,59,1,1,1
998,8,60,1,1,1
999,8,61,1,1,1
1000,8,62,1,1,1
1001,8,63,1,1,1
1002,8,64,1,1,1
1003,8,65,1,1,1
1004,8,66,1,1,1
1005,8,67,1,1,1
1006,8,68,1,1,1
1007,8,69,1,1,1
1008,8,70,1,1,1
1009,8,71,1,1,1
1010,8,72,1,1,1
1011,8,73,1,1,1
1012,8,74,1,1,1
1013,8,75,1,1,1
1014,8,76,1,1,1
1015,8,77,1,1,1
1016,8,78,1,1,1
1017,8,79,1,1,1
1018,8,80,1,1,1
1019,8,81,1,1,1
1020,8,82,1,1,1
1021,8,83,1,1,1
1022,8,84,1,1,1
1023,8,85,1,1,1
1024,8,86,1,1,1
1025,8,87,1,1,1
1026,8,88,1,1,1
1027,8,89,1,1,1
1028,8,90,1,1,1
1029,8,91,1,1,1
1030,8,92,1,1,1
1031,8,93,1,1,1
1032,8,94,1,1,1
1033,8,95,1,1,1
1034,8,96,1,1,1
1035,8,97,1,1,1
1036,8,98,1,1,1
1037,8,99,1,1,1
1038,8,100,1,1,1
1039,8,101,1,1,1
1040,8,102,1,1,1
1041,8,103,1,1,1
1042,8,104,1,1,1
1043,8,105,1,1,1
1044,8,106,1,1,1
1045,8,107,1,1,1
1046,8,108,1,1,1
1047,8,109,1,1,1
1048,8,110,1,1,1
1049,8,111,1,1,1
1050,8,112,1,1,1
1051,8,113,1,1,1
1052,8,114,1,1,1
1053,8,115,1,1,1
1054,8,116,1,1,1
1055,8,117,1,1,1
1056,8,118,1,1,1
1057,8,119,1,1,1
1058,8,120,1,1,1
1059,8,121,1,1,1
1060,8,122,1,1,1
1061,8,123,1,1,1
1062,8,124,1,1,1
1063,8,125,1,1,1
1064,8,126,1,1,1
1065,8,127,1,1,1
1066,8,128,1,1,1
1067,8,129,1,1,1
1068,8,130,1,1,1
1069,8,131,1,1,1
1070,8,132,1,1,1
1071,8,133,1,1,1
1072,8,134,1,1,1
1073,9,1,1,1,1
1074,9,2,1,1,1
1075,9,3,1,1,1
1076,9,4,1,1,1
1077,9,5,1,1,1
1078,9,6,1,1,1
1079,9,7,1,1,1
1080,9,8,1,1,1
1081,9,9,1,1,1
1082,9,10,1,1,1
1083,9,11,1,1,1
1084,9,12,1,1,1
1085,9,13,1,1,1
1086,9,14,1,1,1
1087,9,15,1,1,1
1088,9,16,1,1,1
1089,9,17,1,1,1
1090,9,18,1,1,1
1091,9,19,1,1,1
1092,9,20,1,1,1
1093,9,21,1,1,1
1094,9,22,1,1,1
1095,9,23,1,1,1
1096,9,24,1,1,1
1097,9,25,1,1,1
1098,9,26,1,1,1
1099,9,27,1,1,1
1100,9,28,1,1,1
1101,9,29,1,1,1
1102,9,30,1,1,1
1103,9,31,1,1,1
1104,9,32,1,1,1
1105,9,33,1,1,1
1106,9,34,1,1,1
1107,9,35,1,1,1
1108,9,36,1,1,1
1109,9,37,1,1,1
1110,9,38,1,1,1
1111,9,39,1,1,1
1112,9,40,1,1,1
1113,9,41,1,1,1
1114,9,42,1,1,1
1115,9,43,1,1,1
1116,9,44,1,1,1
1117,9,45,1,1,1
1118,9,46,1,1,1
1119,9,47,1,1,1
1120,9,48,1,1,1
1121,9,49,1,1,1
1122,9,50,1,1,1
1123,9,51,1,1,1
1124,9,52,1,1,1
1125,9,53,1,1,1
1126,9,54,1,1,1
1127,9,55,1,1,1
1128,9,56,1,1,1
1129,9,57,1,1,1
1130,9,58,1,1,1
1131,9,59,1,1,1
1132,9,60,1,1,1
1133,9,61,1,1,1
1134,9,62,1,1,1
1135,9,63,1,1,1
1136,9,64,1,1,1
1137,9,65,1,1,1
1138,9,66,1,1,1
1139,9,67,1,1,1
1140,9,68,1,1,1
1141,9,69,1,1,1
1142,9,70,1,1,1
1143,9,71,1,1,1
1144,9,72,1,1,1
1145,9,73,1,1,1
1146,9,74,1,1,1
1147,9,75,1,1,1
1148,9,76,1,1,1
1149,9,77,1,1,1
1150,9,78,1,1,1
1151,9,79,1,1,1
1152,9,80,1,1,1
1153,9,81,1,1,1
1154,9,82,1,1,1
1155,9,83,1,1,1
1156,9,84,1,1,1
1157,9,85,1,1,1
1158,9,86,1,1,1
1159,9,87,1,1,1
1160,9,88,1,1,1
1161,9,89,1,1,1
1162,9,90,1,1,1
1163,9,91,1,1,1
1164,9,92,1,1,1
1165,9,93,1,1,1
1166,9,94,1,1,1
1167,9,95,1,1,1
1168,9,96,1,1,1
1169,9,97,1,1,1
1170,9,98,1,1,1
1171,9,99,1,1,1
1172,9,100,1,1,1
1173,9,101,1,1,1
1174,9,102,1,1,1
1175,9,103,1,1,1
1176,9,104,1,1,1
1177,9,105,1,1,1
1178,9,106,1,1,1
1179,9,107,1,1,1
1180,9,108,1,1,1
1181,9,109,1,1,1
1182,9,110,1,1,1
1183,9,111,1,1,1
1184,9,112,1,1,1
1185,9,113,1,1,1
1186,9,114,1,1,1
1187,9,115,1,1,1
1188,9,116,1,1,1
1189,9,117,1,1,1
1190,9,118,1,1,1
1191,9,119,1,1,1
1192,9,120,1,1,1
1193,9,121,1,1,1
1194,9,122,1,1,1
1195,9,123,1,1,1
1196,9,124,1,1,1
1197,9,125,1,1,1
1198,9,126,1,1,1
1199,9,127,1,1,1
1200,9,128,1,1,1
1201,9,129,1,1,1
1202,9,130,1,1,1
1203,9,131,1,1,1
1204,9,132,1,1,1
1205,9,133,1,1,1
1206,9,134,1,1,1
1207,10,1,1,1,1
1208,10,2,1,1,1
1209,10,3,1,1,1
1210,10,4,1,1,1
1211,10,5,1,1,1
1212,10,6,1,1,1
1213,10,7,1,1,1
1214,10,8,1,1,1
1215,10,9,1,1,1
1216,10,10,1,1,1
1217,10,11,1,1,1
1218,10,12,1,1,1
1219,10,13,1,1,1
1220,10,14,1,1,1
1221,10,15,1,1,1
1222,10,16,1,1,1
1223,10,17,1,1,1
1224,10,18,1,1,1
1225,10,19,1,1,1
1226,10,20,1,1,1
1227,10,21,1,1,1
1228,10,22,1,1,1
1229,10,23,1,1,1
1230,10,24,1,1,1
1231,10,25,1,1,1
1232,10,26,1,1,1
1233,10,27,1,1,1
1234,10,28,1,1,1
1235,10,29,1,1,1
1236,10,30,1,1,1
1237,10,31,1,1,1
1238,10,32,1,1,1
1239,10,33,1,1,1
1240,10,34,1,1,1
1241,10,35,1,1,1
1242,10,36,1,1,1
1243,10,37,1,1,1
1244,10,38,1,1,1
1245,10,39,1,1,1
1246,10,40,1,1,1
1247,10,41,1,1,1
1248,10,42,1,1,1
1249,10,43,1,1,1
1250,10,44,1,1,1
1251,10,45,1,1,1
1252,10,46,1,1,1
1253,10,47,1,1,1
1254,10,48,1,1,1
1255,10,49,1,1,1
1256,10,50,1,1,1
1257,10,51,1,1,1
1258,10,52,1,1,1
1259,10,53,1,1,1
1260,10,54,1,1,1
1261,10,55,1,1,1
1262,10,56,1,1,1
1263,10,57,1,1,1
1264,10,58,1,1,1
1265,10,59,1,1,1
1266,10,60,1,1,1
1267,10,61,1,1,1
1268,10,62,1,1,1
1269,10,63,1,1,1
1270,10,64,1,1,1
1271,10,65,1,1,1
1272,10,66,1,1,1
1273,10,67,1,1,1
1274,10,68,1,1,1
1275,10,69,1,1,1
1276,10,70,1,1,1
1277,10,71,1,1,1
1278,10,72,1,1,1
1279,10,73,1,1,1
1280,10,74,1,1,1
1281,10,75,1,1,1
1282,10,76,1,1,1
1283,10,77,1,1,1
1284,10,78,1,1,1
1285,10,79,1,1,1
1286,10,80,1,1,1
1287,10,81,1,1,1
1288,10,82,1,1,1
1289,10,83,1,1,1
1290,10,84,1,1,1
1291,10,85,1,1,1
1292,10,86,1,1,1
1293,10,87,1,1,1
1294,10,88,1,1,1
1295,10,89,1,1,1
1296,10,90,1,1,1
1297,10,91,1,1,1
1298,10,92,1,1,1
1299,10,93,1,1,1
1300,10,94,1,1,1
1301,10,95,1,1,1
1302,10,96,1,1,1
1303,10,97,1,1,1
1304,10,98,1,1,1
1305,10,99,1,1,1
1306,10,100,1,1,1
1307,10,101,1,1,1
1308,10,102,1,1,1
1309,10,103,1,1,1
1310,10,104,1,1,1
1311,10,105,1,1,1
1312,10,106,1,1,1
1313,10,107,1,1,1
1314,10,108,1,1,1
1315,10,109,1,1,1
1316,10,110,1,1,1
1317,10,111,1,1,1
1318,10,112,1,1,1
1319,10,113,1,1,1
1320,10,114,1,1,1
1321,10,115,1,1,1
1322,10,116,1,1,1
1323,10,117,1,1,1
1324,10,118,1,1,1
1325,10,119,1,1,1
1326,10,120,1,1,1
1327,10,121,1,1,1
1328,10,122,1,1,1
1329,10,123,1,1,1
1330,10,124,1,1,1
1331,10,125,1,1,1
1332,10,126,1,1,1
1333,10,127,1,1,1
1334,10,128,1,1,1
1335,10,129,1,1,1
1336,10,130,1,1,1
1337,10,131,1,1,1
1338,10,132,1,1,1
1339,10,133,1,1,1
1340,10,134,1,1,1
1341,11,1,1,1,1
1342,11,2,1,1,1
1343,11,3,1,1,1
1344,11,4,1,1,1
1345,11,5,1,1,1
1346,11,6,1,1,1
1347,11,7,1,1,1
1348,11,8,1,1,1
1349,11,9,1,1,1
1350,11,10,1,1,1
1351,11,11,1,1,1
1352,11,12,1,1,1
1353,11,13,1,1,1
1354,11,14,1,1,1
1355,11,15,1,1,1
1356,11,16,1,1,1
1357,11,17,1,1,1
1358,11,18,1,1,1
1359,11,19,1,1,1
1360,11,20,1,1,1
1361,11,21,1,1,1
1362,11,22,1,1,1
1363,11,23,1,1,1
1364,11,24,1,1,1
1365,11,25,1,1,1
1366,11,26,1,1,1
1367,11,27,1,1,1
1368,11,28,1,1,1
1369,11,29,1,1,1
1370,11,30,1,1,1
1371,11,31,1,1,1
1372,11,32,1,1,1
1373,11,33,1,1,1
1374,11,34,1,1,1
1375,11,35,1,1,1
1376,11,36,1,1,1
1377,11,37,1,1,1
1378,11,38,1,1,1
1379,11,39,1,1,1
1380,11,40,1,1,1
1381,11,41,1,1,1
1382,11,42,1,1,1
1383,11,43,1,1,1
1384,11,44,1,1,1
1385,11,45,1,1,1
1386,11,46,1,1,1
1387,11,47,1,1,1
1388,11,48,1,1,1
1389,11,49,1,1,1
1390,11,50,1,1,1
1391,11,51,1,1,1
1392,11,52,1,1,1
1393,11,53,1,1,1
1394,11,54,1,1,1
1395,11,55,1,1,1
1396,11,56,1,1,1
1397,11,57,1,1,1
1398,11,58,1,1,1
1399,11,59,1,1,1
1400,11,60,1,1,1
1401,11,61,1,1,1
1402,11,62,1,1,1
1403,11,63,1,1,1
1404,11,64,1,1,1
1405,11,65,1,1,1
1406,11,66,1,1,1
1407,11,67,1,1,1
1408,11,68,1,1,1
1409,11,69,1,1,1
1410,11,70,1,1,1
1411,11,71,1,1,1
1412,11,72,1,1,1
1413,11,73,1,1,1
1414,11,74,1,1,1
1415,11,75,1,1,1
1416,11,76,1,1,1
1417,11,77,1,1,1
1418,11,78,1,1,1
1419,11,79,1,1,1
1420,11,80,1,1,1
1421,11,81,1,1,1
1422,11,82,1,1,1
1423,11,83,1,1,1
1424,11,84,1,1,1
1425,11,85,1,1,1
1426,11,86,1,1,1
1427,11,87,1,1,1
1428,11,88,1,1,1
1429,11,89,1,1,1
1430,11,90,1,1,1
1431,11,91,1,1,1
1432,11,92,1,1,1
1433,11,93,1,1,1
1434,11,94,1,1,1
1435,11,95,1,1,1
1436,11,96,1,1,1
1437,11,97,1,1,1
1438,11,98,1,1,1
1439,11,99,1,1,1
1440,11,100,1,1,1
1441,11,101,1,1,1
1442,11,102,1,1,1
1443,11,103,1,1,1
1444,11,104,1,1,1
1445,11,105,1,1,1
1446,11,106,1,1,1
1447,11,107,1,1,1
1448,11,108,1,1,1
1449,11,109,1,1,1
1450,11,110,1,1,1
1451,11,111,1,1,1
1452,11,112,1,1,1
1453,11,113,1,1,1
1454,11,114,1,1,1
1455,11,115,1,1,1
1456,11,116,1,1,1
1457,11,117,1,1,1
1458,11,118,1,1,1
1459,11,119,1,1,1
1460,11,120,1,1,1
1461,11,121,1,1,1
1462,11,122,1,1,1
1463,11,123,1,1,1
1464,11,124,1,1,1
1465,11,125,1,1,1
1466,11,126,1,1,1
1467,11,127,1,1,1
1468,11,128,1,1,1
1469,11,129,1,1,1
1470,11,130,1,1,1
1471,11,131,1,1,1
1472,11,132,1,1,1
1473,11,133,1,1,1
1474,11,134,1,1,1
1475,12,1,1,1,1
1476,12,2,1,1,1
1477,12,3,1,1,1
1478,12,4,1,1,1
1479,12,5,1,1,1
1480,12,6,1,1,1
1481,12,7,1,1,1
1482,12,8,1,1,1
1483,12,9,1,1,1
1484,12,10,1,1,1
1485,12,11,1,1,1
1486,12,12,1,1,1
1487,12,13,1,1,1
1488,12,14,1,1,1
1489,12,15,1,1,1
1490,12,16,1,1,1
1491,12,17,1,1,1
1492,12,18,1,1,1
1493,12,19,1,1,1
1494,12,20,1,1,1
1495,12,21,1,1,1
1496,12,22,1,1,1
1497,12,23,1,1,1
1498,12,24,1,1,1
1499,12,25,1,1,1
1500,12,26,1,1,1
1501,12,27,1,1,1
1502,12,28,1,1,1
1503,12,29,1,1,1
1504,12,30,1,1,1
1505,12,31,1,1,1
1506,12,32,1,1,1
1507,12,33,1,1,1
1508,12,34,1,1,1
1509,12,35,1,1,1
1510,12,36,1,1,1
1511,12,37,1,1,1
1512,12,38,1,1,1
1513,12,39,1,1,1
1514,12,40,1,1,1
1515,12,41,1,1,1
1516,12,42,1,1,1
1517,12,43,1,1,1
1518,12,44,1,1,1
1519,12,45,1,1,1
1520,12,46,1,1,1
1521,12,47,1,1,1
1522,12,48,1,1,1
1523,12,49,1,1,1
1524,12,50,1,1,1
1525,12,51,1,1,1
1526,12,52,1,1,1
1527,12,53,1,1,1
1528,12,54,1,1,1
1529,12,55,1,1,1
1530,12,56,1,1,1
1531,12,57,1,1,1
1532,12,58,1,1,1
1533,12,59,1,1,1
1534,12,60,1,1,1
1535,12,61,1,1,1
1536,12,62,1,1,1
1537,12,63,1,1,1
1538,12,64,1,1,1
1539,12,65,1,1,1
1540,12,66,1,1,1
1541,12,67,1,1,1
1542,12,68,1,1,1
1543,12,69,1,1,1
1544,12,70,1,1,1
1545,12,71,1,1,1
1546,12,72,1,1,1
1547,12,73,1,1,1
1548,12,74,1,1,1
1549,12,75,1,1,1
1550,12,76,1,1,1
1551,12,77,1,1,1
1552,12,78,1,1,1
1553,12,79,1,1,1
1554,12,80,1,1,1
1555,12,81,1,1,1
1556,12,82,1,1,1
1557,12,83,1,1,1
1558,12,84,1,1,1
1559,12,85,1,1,1
1560,12,86,1,1,1
1561,12,87,1,1,1
1562,12,88,1,1,1
1563,12,89,1,1,1
1564,12,90,1,1,1
1565,12,91,1,1,1
1566,12,92,1,1,1
1567,12,93,1,1,1
1568,12,94,1,1,1
1569,12,95,1,1,1
1570,12,96,1,1,1
1571,12,97,1,1,1
1572,12,98,1,1,1
1573,12,99,1,1,1
1574,12,100,1,1,1
1575,12,101,1,1,1
1576,12,102,1,1,1
1577,12,103,1,1,1
1578,12,104,1,1,1
1579,12,105,1,1,1
1580,12,106,1,1,1
1581,12,107,1,1,1
1582,12,108,1,1,1
1583,12,109,1,1,1
1584,12,110,1,1,1
1585,12,111,1,1,1
1586,12,112,1,1,1
1587,12,113,1,1,1
1588,12,114,1,1,1
1589,12,115,1,1,1
1590,12,116,1,1,1
1591,12,117,1,1,1
1592,12,118,1,1,1
1593,12,119,1,1,1
1594,12,120,1,1,1
1595,12,121,1,1,1
1596,12,122,1,1,1
1597,12,123,1,1,1
1598,12,124,1,1,1
1599,12,125,1,1,1
1600,12,126,1,1,1
1601,12,127,1,1,1
1602,12,128,1,1,1
1603,12,129,1,1,1
1604,12,130,1,1,1
1605,12,131,1,1,1
1606,12,132,1,1,1
1607,12,133,1,1,1
1608,12,134,1,1,1
1609,13,1,1,1,1
1610,13,2,1,1,1
1611,13,3,1,1,1
1612,13,4,1,1,1
1613,13,5,1,1,1
1614,13,6,1,1,1
1615,13,7,1,1,1
1616,13,8,1,1,1
1617,13,9,1,1,1
1618,13,10,1,1,1
1619,13,11,1,1,1
1620,13,12,1,1,1
1621,13,13,1,1,1
1622,13,14,1,1,1
1623,13,15,1,1,1
1624,13,16,1,1,1
1625,13,17,1,1,1
1626,13,18,1,1,1
1627,13,19,1,1,1
1628,13,20,1,1,1
1629,13,21,1,1,1
1630,13,22,1,1,1
1631,13,23,1,1,1
1632,13,24,1,1,1
1633,13,25,1,1,1
1634,13,26,1,1,1
1635,13,27,1,1,1
1636,13,28,1,1,1
1637,13,29,1,1,1
1638,13,30,1,1,1
1639,13,31,1,1,1
1640,13,32,1,1,1
1641,13,33,1,1,1
1642,13,34,1,1,1
1643,13,35,1,1,1
1644,13,36,1,1,1
1645,13,37,1,1,1
1646,13,38,1,1,1
1647,13,39,1,1,1
1648,13,40,1,1,1
1649,13,41,1,1,1
1650,13,42,1,1,1
1651,13,43,1,1,1
1652,13,44,1,1,1
1653,13,45,1,1,1
1654,13,46,1,1,1
1655,13,47,1,1,1
1656,13,48,1,1,1
1657,13,49,1,1,1
1658,13,50,1,1,1
1659,13,51,1,1,1
1660,13,52,1,1,1
1661,13,53,1,1,1
1662,13,54,1,1,1
1663,13,55,1,1,1
1664,13,56,1,1,1
1665,13,57,1,1,1
1666,13,58,1,1,1
1667,13,59,1,1,1
1668,13,60,1,1,1
1669,13,61,1,1,1
1670,13,62,1,1,1
1671,13,63,1,1,1
1672,13,64,1,1,1
1673,13,65,1,1,1
1674,13,66,1,1,1
1675,13,67,1,1,1
1676,13,68,1,1,1
1677,13,69,1,1,1
1678,13,70,1,1,1
1679,13,71,1,1,1
1680,13,72,1,1,1
1681,13,73,1,1,1
1682,13,74,1,1,1
1683,13,75,1,1,1
1684,13,76,1,1,1
1685,13,77,1,1,1
1686,13,78,1,1,1
1687,13,79,1,1,1
1688,13,80,1,1,1
1689,13,81,1,1,1
1690,13,82,1,1,1
1691,13,83,1,1,1
1692,13,84,1,1,1
1693,13,85,1,1,1
1694,13,86,1,1,1
1695,13,87,1,1,1
1696,13,88,1,1,1
1697,13,89,1,1,1
1698,13,90,1,1,1
1699,13,91,1,1,1
1700,13,92,1,1,1
1701,13,93,1,1,1
1702,13,94,1,1,1
1703,13,95,1,1,1
1704,13,96,1,1,1
1705,13,97,1,1,1
1706,13,98,1,1,1
1707,13,99,1,1,1
1708,13,100,1,1,1
1709,13,101,1,1,1
1710,13,102,1,1,1
1711,13,103,1,1,1
1712,13,104,1,1,1
1713,13,105,1,1,1
1714,13,106,1,1,1
1715,13,107,1,1,1
1716,13,108,1,1,1
1717,13,109,1,1,1
1718,13,110,1,1,1
1719,13,111,1,1,1
1720,13,112,1,1,1
1721,13,113,1,1,1
1722,13,114,1,1,1
1723,13,115,1,1,1
1724,13,116,1,1,1
1725,13,117,1,1,1
1726,13,118,1,1,1
1727,13,119,1,1,1
1728,13,120,1,1,1
1729,13,121,1,1,1
1730,13,122,1,1,1
1731,13,123,1,1,1
1732,13,124,1,1,1
1733,13,125,1,1,1
1734,13,126,1,1,1
1735,13,127,1,1,1
1736,13,128,1,1,1
1737,13,129,1,1,1
1738,13,130,1,1,1
1739,13,131,1,1,1
1740,13,132,1,1,1
1741,13,133,1,1,1
1742,13,134,1,1,1
1743,14,1,1,1,1
1744,14,2,1,1,1
1745,14,3,1,1,1
1746,14,4,1,1,1
1747,14,5,1,1,1
1748,14,6,1,1,1
1749,14,7,1,1,1
1750,14,8,1,1,1
1751,14,9,1,1,1
1752,14,10,1,1,1
1753,14,11,1,1,1
1754,14,12,1,1,1
1755,14,13,1,1,1
1756,14,14,1,1,1
1757,14,15,1,1,1
1758,14,16,1,1,1
1759,14,17,1,1,1
1760,14,18,1,1,1
1761,14,19,1,1,1
1762,14,20,1,1,1
1763,14,21,1,1,1
1764,14,22,1,1,1
1765,14,23,1,1,1
1766,14,24,1,1,1
1767,14,25,1,1,1
1768,14,26,1,1,1
1769,14,27,1,1,1
1770,14,28,1,1,1
1771,14,29,1,1,1
1772,14,30,1,1,1
1773,14,31,1,1,1
1774,14,32,1,1,1
1775,14,33,1,1,1
1776,14,34,1,1,1
1777,14,35,1,1,1
1778,14,36,1,1,1
1779,14,37,1,1,1
1780,14,38,1,1,1
1781,14,39,1,1,1
1782,14,40,1,1,1
1783,14,41,1,1,1
1784,14,42,1,1,1
1785,14,43,1,1,1
1786,14,44,1,1,1
1787,14,45,1,1,1
1788,14,46,1,1,1
1789,14,47,1,1,1
1790,14,48,1,1,1
1791,14,49,1,1,1
1792,14,50,1,1,1
1793,14,51,1,1,1
1794,14,52,1,1,1
1795,14,53,1,1,1
1796,14,54,1,1,1
1797,14,55,1,1,1
1798,14,56,1,1,1
1799,14,57,1,1,1
1800,14,58,1,1,1
1801,14,59,1,1,1
1802,14,60,1,1,1
1803,14,61,1,1,1
1804,14,62,1,1,1
1805,14,63,1,1,1
1806,14,64,1,1,1
1807,14,65,1,1,1
1808,14,66,1,1,1
1809,14,67,1,1,1
1810,14,68,1,1,1
1811,14,69,1,1,1
1812,14,70,1,1,1
1813,14,71,1,1,1
1814,14,72,1,1,1
1815,14,73,1,1,1
1816,14,74,1,1,1
1817,14,75,1,1,1
1818,14,76,1,1,1
1819,14,77,1,1,1
1820,14,78,1,1,1
1821,14,79,1,1,1
1822,14,80,1,1,1
1823,14,81,1,1,1
1824,14,82,1,1,1
1825,14,83,1,1,1
1826,14,84,1,1,1
1827,14,85,1,1,1
1828,14,86,1,1,1
1829,14,87,1,1,1
1830,14,88,1,1,1
1831,14,89,1,1,1
1832,14,90,1,1,1
1833,14,91,1,1,1
1834,14,92,1,1,1
1835,14,93,1,1,1
1836,14,94,1,1,1
1837,14,95,1,1,1
1838,14,96,1,1,1
1839,14,97,1,1,1
1840,14,98,1,1,1
1841,14,99,1,1,1
1842,14,100,1,1,1
1843,14,101,1,1,1
1844,14,102,1,1,1
1845,14,103,1,1,1
1846,14,104,1,1,1
1847,14,105,1,1,1
1848,14,106,1,1,1
1849,14,107,1,1,1
1850,14,108,1,1,1
1851,14,109,1,1,1
1852,14,110,1,1,1
1853,14,111,1,1,1
1854,14,112,1,1,1
1855,14,113,1,1,1
1856,14,114,1,1,1
1857,14,115,1,1,1
1858,14,116,1,1,1
1859,14,117,1,1,1
1860,14,118,1,1,1
1861,14,119,1,1,1
1862,14,120,1,1,1
1863,14,121,1,1,1
1864,14,122,1,1,1
1865,14,123,1,1,1
1866,14,124,1,1,1
1867,14,125,1,1,1
1868,14,126,1,1,1
1869,14,127,1,1,1
1870,14,128,1,1,1
1871,14,129,1,1,1
1872,14,130,1,1,1
1873,14,131,1,1,1
1874,14,132,1,1,1
1875,14,133,1,1,1
1876,14,134,1,1,1
1877,15,1,1,1,1
1878,15,2,1,1,1
1879,15,3,1,1,1
1880,15,4,1,1,1
1881,15,5,1,1,1
1882,15,6,1,1,1
1883,15,7,1,1,1
1884,15,8,1,1,1
1885,15,9,1,1,1
1886,15,10,1,1,1
1887,15,11,1,1,1
1888,15,12,1,1,1
1889,15,13,1,1,1
1890,15,14,1,1,1
1891,15,15,1,1,1
1892,15,16,1,1,1
1893,15,17,1,1,1
1894,15,18,1,1,1
1895,15,19,1,1,1
1896,15,20,1,1,1
1897,15,21,1,1,1
1898,15,22,1,1,1
1899,15,23,1,1,1
1900,15,24,1,1,1
1901,15,25,1,1,1
1902,15,26,1,1,1
1903,15,27,1,1,1
1904,15,28,1,1,1
1905,15,29,1,1,1
1906,15,30,1,1,1
1907,15,31,1,1,1
1908,15,32,1,1,1
1909,15,33,1,1,1
1910,15,34,1,1,1
1911,15,35,1,1,1
1912,15,36,1,1,1
1913,15,37,1,1,1
1914,15,38,1,1,1
1915,15,39,1,1,1
1916,15,40,1,1,1
1917,15,41,1,1,1
1918,15,42,1,1,1
1919,15,43,1,1,1
1920,15,44,1,1,1
1921,15,45,1,1,1
1922,15,46,1,1,1
1923,15,47,1,1,1
1924,15,48,1,1,1
1925,15,49,1,1,1
1926,15,50,1,1,1
1927,15,51,1,1,1
1928,15,52,1,1,1
1929,15,53,1,1,1
1930,15,54,1,1,1
1931,15,55,1,1,1
1932,15,56,1,1,1
1933,15,57,1,1,1
1934,15,58,1,1,1
1935,15,59,1,1,1
1936,15,60,1,1,1
1937,15,61,1,1,1
1938,15,62,1,1,1
1939,15,63,1,1,1
1940,15,64,1,1,1
1941,15,65,1,1,1
1942,15,66,1,1,1
1943,15,67,1,1,1
1944,15,68,1,1,1
1945,15,69,1,1,1
1946,15,70,1,1,1
1947,15,71,1,1,1
1948,15,72,1,1,1
1949,15,73,1,1,1
1950,15,74,1,1,1
1951,15,75,1,1,1
1952,15,76,1,1,1
1953,15,77,1,1,1
1954,15,78,1,1,1
1955,15,79,1,1,1
1956,15,80,1,1,1
1957,15,81,1,1,1
1958,15,82,1,1,1
1959,15,83,1,1,1
1960,15,84,1,1,1
1961,15,85,1,1,1
1962,15,86,1,1,1
1963,15,87,1,1,1
1964,15,88,1,1,1
1965,15,89,1,1,1
1966,15,90,1,1,1
1967,15,91,1,1,1
1968,15,92,1,1,1
1969,15,93,1,1,1
1970,15,94,1,1,1
1971,15,95,1,1,1
1972,15,96,1,1,1
1973,15,97,1,1,1
1974,15,98,1,1,1
1975,15,99,1,1,1
1976,15,100,1,1,1
1977,15,101,1,1,1
1978,15,102,1,1,1
1979,15,103,1,1,1
1980,15,104,1,1,1
1981,15,105,1,1,1
1982,15,106,1,1,1
1983,15,107,1,1,1
1984,15,108,1,1,1
1985,15,109,1,1,1
1986,15,110,1,1,1
1987,15,111,1,1,1
1988,15,112,1,1,1
1989,15,113,1,1,1
1990,15,114,1,1,1
1991,15,115,1,1,1
1992,15,116,1,1,1
1993,15,117,1,1,1
1994,15,118,1,1,1
1995,15,119,1,1,1
1996,15,120,1,1,1
1997,15,121,1,1,1
1998,15,122,1,1,1
1999,15,123,1,1,1
2000,15,124,1,1,1
2001,15,125,1,1,1
2002,15,126,1,1,1
2003,15,127,1,1,1
2004,15,128,1,1,1
2005,15,129,1,1,1
2006,15,130,1,1,1
2007,15,131,1,1,1
2008,15,132,1,1,1
2009,15,133,1,1,1
2010,15,134,1,1,1
2011,16,1,1,1,1
2012,16,2,1,1,1
2013,16,3,1,1,1
2014,16,4,1,1,1
2015,16,5,1,1,1
2016,16,6,1,1,1
2017,16,7,1,1,1
2018,16,8,1,1,1
2019,16,9,1,1,1
2020,16,10,1,1,1
2021,16,11,1,1,1
2022,16,12,1,1,1
2023,16,13,1,1,1
2024,16,14,1,1,1
2025,16,15,1,1,1
2026,16,16,1,1,1
2027,16,17,1,1,1
2028,16,18,1,1,1
2029,16,19,1,1,1
2030,16,20,1,1,1
2031,16,21,1,1,1
2032,16,22,1,1,1
2033,16,23,1,1,1
2034,16,24,1,1,1
2035,16,25,1,1,1
2036,16,26,1,1,1
2037,16,27,1,1,1
2038,16,28,1,1,1
2039,16,29,1,1,1
2040,16,30,1,1,1
2041,16,31,1,1,1
2042,16,32,1,1,1
2043,16,33,1,1,1
2044,16,34,1,1,1
2045,16,35,1,1,1
2046,16,36,1,1,1
2047,16,37,1,1,1
2048,16,38,1,1,1
2049,16,39,1,1,1
2050,16,40,1,1,1
2051,16,41,1,1,1
2052,16,42,1,1,1
2053,16,43,1,1,1
2054,16,44,1,1,1
2055,16,45,1,1,1
2056,16,46,1,1,1
2057,16,47,1,1,1
2058,16,48,1,1,1
2059,16,49,1,1,1
2060,16,50,1,1,1
2061,16,51,1,1,1
2062,16,52,1,1,1
2063,16,53,1,1,1
2064,16,54,1,1,1
2065,16,55,1,1,1
2066,16,56,1,1,1
2067,16,57,1,1,1
2068,16,58,1,1,1
2069,16,59,1,1,1
2070,16,60,1,1,1
2071,16,61,1,1,1
2072,16,62,1,1,1
2073,16,63,1,1,1
2074,16,64,1,1,1
2075,16,65,1,1,1
2076,16,66,1,1,1
2077,16,67,1,1,1
2078,16,68,1,1,1
2079,16,69,1,1,1
2080,16,70,1,1,1
2081,16,71,1,1,1
2082,16,72,1,1,1
2083,16,73,1,1,1
2084,16,74,1,1,1
2085,16,75,1,1,1
2086,16,76,1,1,1
2087,16,77,1,1,1
2088,16,78,1,1,1
2089,16,79,1,1,1
2090,16,80,1,1,1
2091,16,81,1,1,1
2092,16,82,1,1,1
2093,16,83,1,1,1
2094,16,84,1,1,1
2095,16,85,1,1,1
2096,16,86,1,1,1
2097,16,87,1,1,1
2098,16,88,1,1,1
2099,16,89,1,1,1
2100,16,90,1,1,1
2101,16,91,1,1,1
2102,16,92,1,1,1
2103,16,93,1,1,1
2104,16,94,1,1,1
2105,16,95,1,1,1
2106,16,96,1,1,1
2107,16,97,1,1,1
2108,16,98,1,1,1
2109,16,99,1,1,1
2110,16,100,1,1,1
2111,16,101,1,1,1
2112,16,102,1,1,1
2113,16,103,1,1,1
2114,16,104,1,1,1
2115,16,105,1,1,1
2116,16,106,1,1,1
2117,16,107,1,1,1
2118,16,108,1,1,1
2119,16,109,1,1,1
2120,16,110,1,1,1
2121,16,111,1,1,1
2122,16,112,1,1,1
2123,16,113,1,1,1
2124,16,114,1,1,1
2125,16,115,1,1,1
2126,16,116,1,1,1
2127,16,117,1,1,1
2128,16,118,1,1,1
2129,16,119,1,1,1
2130,16,120,1,1,1
2131,16,121,1,1,1
2132,16,122,1,1,1
2133,16,123,1,1,1
2134,16,124,1,1,1
2135,16,125,1,1,1
2136,16,126,1,1,1
2137,16,127,1,1,1
2138,16,128,1,1,1
2139,16,129,1,1,1
2140,16,130,1,1,1
2141,16,131,1,1,1
2142,16,132,1,1,1
2143,16,133,1,1,1
2144,16,134,1,1,1
2145,17,1,1,1,1
2146,17,2,1,1,1
2147,17,3,1,1,1
2148,17,4,1,1,1
2149,17,5,1,1,1
2150,17,6,1,1,1
2151,17,7,1,1,1
2152,17,8,1,1,1
2153,17,9,1,1,1
2154,17,10,1,1,1
2155,17,11,1,1,1
2156,17,12,1,1,1
2157,17,13,1,1,1
2158,17,14,1,1,1
2159,17,15,1,1,1
2160,17,16,1,1,1
2161,17,17,1,1,1
2162,17,18,1,1,1
2163,17,19,1,1,1
2164,17,20,1,1,1
2165,17,21,1,1,1
2166,17,22,1,1,1
2167,17,23,1,1,1
2168,17,24,1,1,1
2169,17,25,1,1,1
2170,17,26,1,1,1
2171,17,27,1,1,1
2172,17,28,1,1,1
2173,17,29,1,1,1
2174,17,30,1,1,1
2175,17,31,1,1,1
2176,17,32,1,1,1
2177,17,33,1,1,1
2178,17,34,1,1,1
2179,17,35,1,1,1
2180,17,36,1,1,1
2181,17,37,1,1,1
2182,17,38,1,1,1
2183,17,39,1,1,1
2184,17,40,1,1,1
2185,17,41,1,1,1
2186,17,42,1,1,1
2187,17,43,1,1,1
2188,17,44,1,1,1
2189,17,45,1,1,1
2190,17,46,1,1,1
2191,17,47,1,1,1
2192,17,48,1,1,1
2193,17,49,1,1,1
2194,17,50,1,1,1
2195,17,51,1,1,1
2196,17,52,1,1,1
2197,17,53,1,1,1
2198,17,54,1,1,1
2199,17,55,1,1,1
2200,17,56,1,1,1
2201,17,57,1,1,1
2202,17,58,1,1,1
2203,17,59,1,1,1
2204,17,60,1,1,1
2205,17,61,1,1,1
2206,17,62,1,1,1
2207,17,63,1,1,1
2208,17,64,1,1,1
2209,17,65,1,1,1
2210,17,66,1,1,1
2211,17,67,1,1,1
2212,17,68,1,1,1
2213,17,69,1,1,1
2214,17,70,1,1,1
2215,17,71,1,1,1
2216,17,72,1,1,1
2217,17,73,1,1,1
2218,17,74,1,1,1
2219,17,75,1,1,1
2220,17,76,1,1,1
2221,17,77,1,1,1
2222,17,78,1,1,1
2223,17,79,1,1,1
2224,17,80,1,1,1
2225,17,81,1,1,1
2226,17,82,1,1,1
2227,17,83,1,1,1
2228,17,84,1,1,1
2229,17,85,1,1,1
2230,17,86,1,1,1
2231,17,87,1,1,1
2232,17,88,1,1,1
2233,17,89,1,1,1
2234,17,90,1,1,1
2235,17,91,1,1,1
2236,17,92,1,1,1
2237,17,93,1,1,1
2238,17,94,1,1,1
2239,17,95,1,1,1
2240,17,96,1,1,1
2241,17,97,1,1,1
2242,17,98,1,1,1
2243,17,99,1,1,1
2244,17,100,1,1,1
2245,17,101,1,1,1
2246,17,102,1,1,1
2247,17,103,1,1,1
2248,17,104,1,1,1
2249,17,105,1,1,1
2250,17,106,1,1,1
2251,17,107,1,1,1
2252,17,108,1,1,1
2253,17,109,1,1,1
2254,17,110,1,1,1
2255,17,111,1,1,1
2256,17,112,1,1,1
2257,17,113,1,1,1
2258,17,114,1,1,1
2259,17,115,1,1,1
2260,17,116,1,1,1
2261,17,117,1,1,1
2262,17,118,1,1,1
2263,17,119,1,1,1
2264,17,120,1,1,1
2265,17,121,1,1,1
2266,17,122,1,1,1
2267,17,123,1,1,1
2268,17,124,1,1,1
2269,17,125,1,1,1
2270,17,126,1,1,1
2271,17,127,1,1,1
2272,17,128,1,1,1
2273,17,129,1,1,1
2274,17,130,1,1,1
2275,17,131,1,1,1
2276,17,132,1,1,1
2277,17,133,1,1,1
2278,17,134,1,1,1
2279,18,1,1,1,1
2280,18,2,1,1,1
2281,18,3,1,1,1
2282,18,4,1,1,1
2283,18,5,1,1,1
2284,18,6,1,1,1
2285,18,7,1,1,1
2286,18,8,1,1,1
2287,18,9,1,1,1
2288,18,10,1,1,1
2289,18,11,1,1,1
2290,18,12,1,1,1
2291,18,13,1,1,1
2292,18,14,1,1,1
2293,18,15,1,1,1
2294,18,16,1,1,1
2295,18,17,1,1,1
2296,18,18,1,1,1
2297,18,19,1,1,1
2298,18,20,1,1,1
2299,18,21,1,1,1
2300,18,22,1,1,1
2301,18,23,1,1,1
2302,18,24,1,1,1
2303,18,25,1,1,1
2304,18,26,1,1,1
2305,18,27,1,1,1
2306,18,28,1,1,1
2307,18,29,1,1,1
2308,18,30,1,1,1
2309,18,31,1,1,1
2310,18,32,1,1,1
2311,18,33,1,1,1
2312,18,34,1,1,1
2313,18,35,1,1,1
2314,18,36,1,1,1
2315,18,37,1,1,1
2316,18,38,1,1,1
2317,18,39,1,1,1
2318,18,40,1,1,1
2319,18,41,1,1,1
2320,18,42,1,1,1
2321,18,43,1,1,1
2322,18,44,1,1,1
2323,18,45,1,1,1
2324,18,46,1,1,1
2325,18,47,1,1,1
2326,18,48,1,1,1
2327,18,49,1,1,1
2328,18,50,1,1,1
2329,18,51,1,1,1
2330,18,52,1,1,1
2331,18,53,1,1,1
2332,18,54,1,1,1
2333,18,55,1,1,1
2334,18,56,1,1,1
2335,18,57,1,1,1
2336,18,58,1,1,1
2337,18,59,1,1,1
2338,18,60,1,1,1
2339,18,61,1,1,1
2340,18,62,1,1,1
2341,18,63,1,1,1
2342,18,64,1,1,1
2343,18,65,1,1,1
2344,18,66,1,1,1
2345,18,67,1,1,1
2346,18,68,1,1,1
2347,18,69,1,1,1
2348,18,70,1,1,1
2349,18,71,1,1,1
2350,18,72,1,1,1
2351,18,73,1,1,1
2352,18,74,1,1,1
2353,18,75,1,1,1
2354,18,76,1,1,1
2355,18,77,1,1,1
2356,18,78,1,1,1
2357,18,79,1,1,1
2358,18,80,1,1,1
2359,18,81,1,1,1
2360,18,82,1,1,1
2361,18,83,1,1,1
2362,18,84,1,1,1
2363,18,85,1,1,1
2364,18,86,1,1,1
2365,18,87,1,1,1
2366,18,88,1,1,1
2367,18,89,1,1,1
2368,18,90,1,1,1
2369,18,91,1,1,1
2370,18,92,1,1,1
2371,18,93,1,1,1
2372,18,94,1,1,1
2373,18,95,1,1,1
2374,18,96,1,1,1
2375,18,97,1,1,1
2376,18,98,1,1,1
2377,18,99,1,1,1
2378,18,100,1,1,1
2379,18,101,1,1,1
2380,18,102,1,1,1
2381,18,103,1,1,1
2382,18,104,1,1,1
2383,18,105,1,1,1
2384,18,106,1,1,1
2385,18,107,1,1,1
2386,18,108,1,1,1
2387,18,109,1,1,1
2388,18,110,1,1,1
2389,18,111,1,1,1
2390,18,112,1,1,1
2391,18,113,1,1,1
2392,18,114,1,1,1
2393,18,115,1,1,1
2394,18,116,1,1,1
2395,18,117,1,1,1
2396,18,118,1,1,1
2397,18,119,1,1,1
2398,18,120,1,1,1
2399,18,121,1,1,1
2400,18,122,1,1,1
2401,18,123,1,1,1
2402,18,124,1,1,1
2403,18,125,1,1,1
2404,18,126,1,1,1
2405,18,127,1,1,1
2406,18,128,1,1,1
2407,18,129,1,1,1
2408,18,130,1,1,1
2409,18,131,1,1,1
2410,18,132,1,1,1
2411,18,133,1,1,1
2412,18,134,1,1,1
2413,19,1,1,1,1
2414,19,2,1,1,1
2415,19,3,1,1,1
2416,19,4,1,1,1
2417,19,5,1,1,1
2418,19,6,1,1,1
2419,19,7,1,1,1
2420,19,8,1,1,1
2421,19,9,1,1,1
2422,19,10,1,1,1
2423,19,11,1,1,1
2424,19,12,1,1,1
2425,19,13,1,1,1
2426,19,14,1,1,1
2427,19,15,1,1,1
2428,19,16,1,1,1
2429,19,17,1,1,1
2430,19,18,1,1,1
2431,19,19,1,1,1
2432,19,20,1,1,1
2433,19,21,1,1,1
2434,19,22,1,1,1
2435,19,23,1,1,1
2436,19,24,1,1,1
2437,19,25,1,1,1
2438,19,26,1,1,1
2439,19,27,1,1,1
2440,19,28,1,1,1
2441,19,29,1,1,1
2442,19,30,1,1,1
2443,19,31,1,1,1
2444,19,32,1,1,1
2445,19,33,1,1,1
2446,19,34,1,1,1
2447,19,35,1,1,1
2448,19,36,1,1,1
2449,19,37,1,1,1
2450,19,38,1,1,1
2451,19,39,1,1,1
2452,19,40,1,1,1
2453,19,41,1,1,1
2454,19,42,1,1,1
2455,19,43,1,1,1
2456,19,44,1,1,1
2457,19,45,1,1,1
2458,19,46,1,1,1
2459,19,47,1,1,1
2460,19,48,1,1,1
2461,19,49,1,1,1
2462,19,50,1,1,1
2463,19,51,1,1,1
2464,19,52,1,1,1
2465,19,53,1,1,1
2466,19,54,1,1,1
2467,19,55,1,1,1
2468,19,56,1,1,1
2469,19,57,1,1,1
2470,19,58,1,1,1
2471,19,59,1,1,1
2472,19,60,1,1,1
2473,19,61,1,1,1
2474,19,62,1,1,1
2475,19,63,1,1,1
2476,19,64,1,1,1
2477,19,65,1,1,1
2478,19,66,1,1,1
2479,19,67,1,1,1
2480,19,68,1,1,1
2481,19,69,1,1,1
2482,19,70,1,1,1
2483,19,71,1,1,1
2484,19,72,1,1,1
2485,19,73,1,1,1
2486,19,74,1,1,1
2487,19,75,1,1,1
2488,19,76,1,1,1
2489,19,77,1,1,1
2490,19,78,1,1,1
2491,19,79,1,1,1
2492,19,80,1,1,1
2493,19,81,1,1,1
2494,19,82,1,1,1
2495,19,83,1,1,1
2496,19,84,1,1,1
2497,19,85,1,1,1
2498,19,86,1,1,1
2499,19,87,1,1,1
2500,19,88,1,1,1
2501,19,89,1,1,1
2502,19,90,1,1,1
2503,19,91,1,1,1
2504,19,92,1,1,1
2505,19,93,1,1,1
2506,19,94,1,1,1
2507,19,95,1,1,1
2508,19,96,1,1,1
2509,19,97,1,1,1
2510,19,98,1,1,1
2511,19,99,1,1,1
2512,19,100,1,1,1
2513,19,101,1,1,1
2514,19,102,1,1,1
2515,19,103,1,1,1
2516,19,104,1,1,1
2517,19,105,1,1,1
2518,19,106,1,1,1
2519,19,107,1,1,1
2520,19,108,1,1,1
2521,19,109,1,1,1
2522,19,110,1,1,1
2523,19,111,1,1,1
2524,19,112,1,1,1
2525,19,113,1,1,1
2526,19,114,1,1,1
2527,19,115,1,1,1
2528,19,116,1,1,1
2529,19,117,1,1,1
2530,19,118,1,1,1
2531,19,119,1,1,1
2532,19,120,1,1,1
2533,19,121,1,1,1
2534,19,122,1,1,1
2535,19,123,1,1,1
2536,19,124,1,1,1
2537,19,125,1,1,1
2538,19,126,1,1,1
2539,19,127,1,1,1
2540,19,128,1,1,1
2541,19,129,1,1,1
2542,19,130,1,1,1
2543,19,131,1,1,1
2544,19,132,1,1,1
2545,19,133,1,1,1
2546,19,134,1,1,1
2547,20,1,1,1,1
2548,20,2,1,1,1
2549,20,3,1,1,1
2550,20,4,1,1,1
2551,20,5,1,1,1
2552,20,6,1,1,1
2553,20,7,1,1,1
2554,20,8,1,1,1
2555,20,9,1,1,1
2556,20,10,1,1,1
2557,20,11,1,1,1
2558,20,12,1,1,1
2559,20,13,1,1,1
2560,20,14,1,1,1
2561,20,15,1,1,1
2562,20,16,1,1,1
2563,20,17,1,1,1
2564,20,18,1,1,1
2565,20,19,1,1,1
2566,20,20,1,1,1
2567,20,21,1,1,1
2568,20,22,1,1,1
2569,20,23,1,1,1
2570,20,24,1,1,1
2571,20,25,1,1,1
2572,20,26,1,1,1
2573,20,27,1,1,1
2574,20,28,1,1,1
2575,20,29,1,1,1
2576,20,30,1,1,1
2577,20,31,1,1,1
2578,20,32,1,1,1
2579,20,33,1,1,1
2580,20,34,1,1,1
2581,20,35,1,1,1
2582,20,36,1,1,1
2583,20,37,1,1,1
2584,20,38,1,1,1
2585,20,39,1,1,1
2586,20,40,1,1,1
2587,20,41,1,1,1
2588,20,42,1,1,1
2589,20,43,1,1,1
2590,20,44,1,1,1
2591,20,45,1,1,1
2592,20,46,1,1,1
2593,20,47,1,1,1
2594,20,48,1,1,1
2595,20,49,1,1,1
2596,20,50,1,1,1
2597,20,51,1,1,1
2598,20,52,1,1,1
2599,20,53,1,1,1
2600,20,54,1,1,1
2601,20,55,1,1,1
2602,20,56,1,1,1
2603,20,57,1,1,1
2604,20,58,1,1,1
2605,20,59,1,1,1
2606,20,60,1,1,1
2607,20,61,1,1,1
2608,20,62,1,1,1
2609,20,63,1,1,1
2610,20,64,1,1,1
2611,20,65,1,1,1
2612,20,66,1,1,1
2613,20,67,1,1,1
2614,20,68,1,1,1
2615,20,69,1,1,1
2616,20,70,1,1,1
2617,20,71,1,1,1
2618,20,72,1,1,1
2619,20,73,1,1,1
2620,20,74,1,1,1
2621,20,75,1,1,1
2622,20,76,1,1,1
2623,20,77,1,1,1
2624,20,78,1,1,1
2625,20,79,1,1,1
2626,20,80,1,1,1
2627,20,81,1,1,1
2628,20,82,1,1,1
2629,20,83,1,1,1
2630,20,84,1,1,1
2631,20,85,1,1,1
2632,20,86,1,1,1
2633,20,87,1,1,1
2634,20,88,1,1,1
2635,20,89,1,1,1
2636,20,90,1,1,1
2637,20,91,1,1,1
2638,20,92,1,1,1
2639,20,93,1,1,1
2640,20,94,1,1,1
2641,20,95,1,1,1
2642,20,96,1,1,1
2643,20,97,1,1,1
2644,20,98,1,1,1
2645,20,99,1,1,1
2646,20,100,1,1,1
2647,20,101,1,1,1
2648,20,102,1,1,1
2649,20,103,1,1,1
2650,20,104,1,1,1
2651,20,105,1,1,1
2652,20,106,1,1,1
2653,20,107,1,1,1
2654,20,108,1,1,1
2655,20,109,1,1,1
2656,20,110,1,1,1
2657,20,111,1,1,1
2658,20,112,1,1,1
2659,20,113,1,1,1
2660,20,114,1,1,1
2661,20,115,1,1,1
2662,20,116,1,1,1
2663,20,117,1,1,1
2664,20,118,1,1,1
2665,20,119,1,1,1
2666,20,120,1,1,1
2667,20,121,1,1,1
2668,20,122,1,1,1
2669,20,123,1,1,1
2670,20,124,1,1,1
2671,20,125,1,1,1
2672,20,126,1,1,1
2673,20,127,1,1,1
2674,20,128,1,1,1
2675,20,129,1,1,1
2676,20,130,1,1,1
2677,20,131,1,1,1
2678,20,132,1,1,1
2679,20,133,1,1,1
2680,20,134,1,1,1
2681,21,1,1,1,1
2682,21,2,1,1,1
2683,21,3,1,1,1
2684,21,4,1,1,1
2685,21,5,1,1,1
2686,21,6,1,1,1
2687,21,7,1,1,1
2688,21,8,1,1,1
2689,21,9,1,1,1
2690,21,10,1,1,1
2691,21,11,1,1,1
2692,21,12,1,1,1
2693,21,13,1,1,1
2694,21,14,1,1,1
2695,21,15,1,1,1
2696,21,16,1,1,1
2697,21,17,1,1,1
2698,21,18,1,1,1
2699,21,19,1,1,1
2700,21,20,1,1,1
2701,21,21,1,1,1
2702,21,22,1,1,1
2703,21,23,1,1,1
2704,21,24,1,1,1
2705,21,25,1,1,1
2706,21,26,1,1,1
2707,21,27,1,1,1
2708,21,28,1,1,1
2709,21,29,1,1,1
2710,21,30,1,1,1
2711,21,31,1,1,1
2712,21,32,1,1,1
2713,21,33,1,1,1
2714,21,34,1,1,1
2715,21,35,1,1,1
2716,21,36,1,1,1
2717,21,37,1,1,1
2718,21,38,1,1,1
2719,21,39,1,1,1
2720,21,40,1,1,1
2721,21,41,1,1,1
2722,21,42,1,1,1
2723,21,43,1,1,1
2724,21,44,1,1,1
2725,21,45,1,1,1
2726,21,46,1,1,1
2727,21,47,1,1,1
2728,21,48,1,1,1
2729,21,49,1,1,1
2730,21,50,1,1,1
2731,21,51,1,1,1
2732,21,52,1,1,1
2733,21,53,1,1,1
2734,21,54,1,1,1
2735,21,55,1,1,1
2736,21,56,1,1,1
2737,21,57,1,1,1
2738,21,58,1,1,1
2739,21,59,1,1,1
2740,21,60,1,1,1
2741,21,61,1,1,1
2742,21,62,1,1,1
2743,21,63,1,1,1
2744,21,64,1,1,1
2745,21,65,1,1,1
2746,21,66,1,1,1
2747,21,67,1,1,1
2748,21,68,1,1,1
2749,21,69,1,1,1
2750,21,70,1,1,1
2751,21,71,1,1,1
2752,21,72,1,1,1
2753,21,73,1,1,1
2754,21,74,1,1,1
2755,21,75,1,1,1
2756,21,76,1,1,1
2757,21,77,1,1,1
2758,21,78,1,1,1
2759,21,79,1,1,1
2760,21,80,1,1,1
2761,21,81,1,1,1
2762,21,82,1,1,1
2763,21,83,1,1,1
2764,21,84,1,1,1
2765,21,85,1,1,1
2766,21,86,1,1,1
2767,21,87,1,1,1
2768,21,88,1,1,1
2769,21,89,1,1,1
2770,21,90,1,1,1
2771,21,91,1,1,1
2772,21,92,1,1,1
2773,21,93,1,1,1
2774,21,94,1,1,1
2775,21,95,1,1,1
2776,21,96,1,1,1
2777,21,97,1,1,1
2778,21,98,1,1,1
2779,21,99,1,1,1
2780,21,100,1,1,1
2781,21,101,1,1,1
2782,21,102,1,1,1
2783,21,103,1,1,1
2784,21,104,1,1,1
2785,21,105,1,1,1
2786,21,106,1,1,1
2787,21,107,1,1,1
2788,21,108,1,1,1
2789,21,109,1,1,1
2790,21,110,1,1,1
2791,21,111,1,1,1
2792,21,112,1,1,1
2793,21,113,1,1,1
2794,21,114,1,1,1
2795,21,115,1,1,1
2796,21,116,1,1,1
2797,21,117,1,1,1
2798,21,118,1,1,1
2799,21,119,1,1,1
2800,21,120,1,1,1
2801,21,121,1,1,1
2802,21,122,1,1,1
2803,21,123,1,1,1
2804,21,124,1,1,1
2805,21,125,1,1,1
2806,21,126,1,1,1
2807,21,127,1,1,1
2808,21,128,1,1,1
2809,21,129,1,1,1
2810,21,130,1,1,1
2811,21,131,1,1,1
2812,21,132,1,1,1
2813,21,133,1,1,1
2814,21,134,1,1,1
2815,22,1,1,1,1
2816,22,2,1,1,1
2817,22,3,1,1,1
2818,22,4,1,1,1
2819,22,5,1,1,1
2820,22,6,1,1,1
2821,22,7,1,1,1
2822,22,8,1,1,1
2823,22,9,1,1,1
2824,22,10,1,1,1
2825,22,11,1,1,1
2826,22,12,1,1,1
2827,22,13,1,1,1
2828,22,14,1,1,1
2829,22,15,1,1,1
2830,22,16,1,1,1
2831,22,17,1,1,1
2832,22,18,1,1,1
2833,22,19,1,1,1
2834,22,20,1,1,1
2835,22,21,1,1,1
2836,22,22,1,1,1
2837,22,23,1,1,1
2838,22,24,1,1,1
2839,22,25,1,1,1
2840,22,26,1,1,1
2841,22,27,1,1,1
2842,22,28,1,1,1
2843,22,29,1,1,1
2844,22,30,1,1,1
2845,22,31,1,1,1
2846,22,32,1,1,1
2847,22,33,1,1,1
2848,22,34,1,1,1
2849,22,35,1,1,1
2850,22,36,1,1,1
2851,22,37,1,1,1
2852,22,38,1,1,1
2853,22,39,1,1,1
2854,22,40,1,1,1
2855,22,41,1,1,1
2856,22,42,1,1,1
2857,22,43,1,1,1
2858,22,44,1,1,1
2859,22,45,1,1,1
2860,22,46,1,1,1
2861,22,47,1,1,1
2862,22,48,1,1,1
2863,22,49,1,1,1
2864,22,50,1,1,1
2865,22,51,1,1,1
2866,22,52,1,1,1
2867,22,53,1,1,1
2868,22,54,1,1,1
2869,22,55,1,1,1
2870,22,56,1,1,1
2871,22,57,1,1,1
2872,22,58,1,1,1
2873,22,59,1,1,1
2874,22,60,1,1,1
2875,22,61,1,1,1
2876,22,62,1,1,1
2877,22,63,1,1,1
2878,22,64,1,1,1
2879,22,65,1,1,1
2880,22,66,1,1,1
2881,22,67,1,1,1
2882,22,68,1,1,1
2883,22,69,1,1,1
2884,22,70,1,1,1
2885,22,71,1,1,1
2886,22,72,1,1,1
2887,22,73,1,1,1
2888,22,74,1,1,1
2889,22,75,1,1,1
2890,22,76,1,1,1
2891,22,77,1,1,1
2892,22,78,1,1,1
2893,22,79,1,1,1
2894,22,80,1,1,1
2895,22,81,1,1,1
2896,22,82,1,1,1
2897,22,83,1,1,1
2898,22,84,1,1,1
2899,22,85,1,1,1
2900,22,86,1,1,1
2901,22,87,1,1,1
2902,22,88,1,1,1
2903,22,89,1,1,1
2904,22,90,1,1,1
2905,22,91,1,1,1
2906,22,92,1,1,1
2907,22,93,1,1,1
2908,22,94,1,1,1
2909,22,95,1,1,1
2910,22,96,1,1,1
2911,22,97,1,1,1
2912,22,98,1,1,1
2913,22,99,1,1,1
2914,22,100,1,1,1
2915,22,101,1,1,1
2916,22,102,1,1,1
2917,22,103,1,1,1
2918,22,104,1,1,1
2919,22,105,1,1,1
2920,22,106,1,1,1
2921,22,107,1,1,1
2922,22,108,1,1,1
2923,22,109,1,1,1
2924,22,110,1,1,1
2925,22,111,1,1,1
2926,22,112,1,1,1
2927,22,113,1,1,1
2928,22,114,1,1,1
2929,22,115,1,1,1
2930,22,116,1,1,1
2931,22,117,1,1,1
2932,22,118,1,1,1
2933,22,119,1,1,1
2934,22,120,1,1,1
2935,22,121,1,1,1
2936,22,122,1,1,1
2937,22,123,1,1,1
2938,22,124,1,1,1
2939,22,125,1,1,1
2940,22,126,1,1,1
2941,22,127,1,1,1
2942,22,128,1,1,1
2943,22,129,1,1,1
2944,22,130,1,1,1
2945,22,131,1,1,1
2946,22,132,1,1,1
2947,22,133,1,1,1
2948,22,134,1,1,1
2949,23,1,1,1,1
2950,23,2,1,1,1
2951,23,3,1,1,1
2952,23,4,1,1,1
2953,23,5,1,1,1
2954,23,6,1,1,1
2955,23,7,1,1,1
2956,23,8,1,1,1
2957,23,9,1,1,1
2958,23,10,1,1,1
2959,23,11,1,1,1
2960,23,12,1,1,1
2961,23,13,1,1,1
2962,23,14,1,1,1
2963,23,15,1,1,1
2964,23,16,1,1,1
2965,23,17,1,1,1
2966,23,18,1,1,1
2967,23,19,1,1,1
2968,23,20,1,1,1
2969,23,21,1,1,1
2970,23,22,1,1,1
2971,23,23,1,1,1
2972,23,24,1,1,1
2973,23,25,1,1,1
2974,23,26,1,1,1
2975,23,27,1,1,1
2976,23,28,1,1,1
2977,23,29,1,1,1
2978,23,30,1,1,1
2979,23,31,1,1,1
2980,23,32,1,1,1
2981,23,33,1,1,1
2982,23,34,1,1,1
2983,23,35,1,1,1
2984,23,36,1,1,1
2985,23,37,1,1,1
2986,23,38,1,1,1
2987,23,39,1,1,1
2988,23,40,1,1,1
2989,23,41,1,1,1
2990,23,42,1,1,1
2991,23,43,1,1,1
2992,23,44,1,1,1
2993,23,45,1,1,1
2994,23,46,1,1,1
2995,23,47,1,1,1
2996,23,48,1,1,1
2997,23,49,1,1,1
2998,23,50,1,1,1
2999,23,51,1,1,1
3000,23,52,1,1,1
3001,23,53,1,1,1
3002,23,54,1,1,1
3003,23,55,1,1,1
3004,23,56,1,1,1
3005,23,57,1,1,1
3006,23,58,1,1,1
3007,23,59,1,1,1
3008,23,60,1,1,1
3009,23,61,1,1,1
3010,23,62,1,1,1
3011,23,63,1,1,1
3012,23,64,1,1,1
3013,23,65,1,1,1
3014,23,66,1,1,1
3015,23,67,1,1,1
3016,23,68,1,1,1
3017,23,69,1,1,1
3018,23,70,1,1,1
3019,23,71,1,1,1
3020,23,72,1,1,1
3021,23,73,1,1,1
3022,23,74,1,1,1
3023,23,75,1,1,1
3024,23,76,1,1,1
3025,23,77,1,1,1
3026,23,78,1,1,1
3027,23,79,1,1,1
3028,23,80,1,1,1
3029,23,81,1,1,1
3030,23,82,1,1,1
3031,23,83,1,1,1
3032,23,84,1,1,1
3033,23,85,1,1,1
3034,23,86,1,1,1
3035,23,87,1,1,1
3036,23,88,1,1,1
3037,23,89,1,1,1
3038,23,90,1,1,1
3039,23,91,1,1,1
3040,23,92,1,1,1
3041,23,93,1,1,1
3042,23,94,1,1,1
3043,23,95,1,1,1
3044,23,96,1,1,1
3045,23,97,1,1,1
3046,23,98,1,1,1
3047,23,99,1,1,1
3048,23,100,1,1,1
3049,23,101,1,1,1
3050,23,102,1,1,1
3051,23,103,1,1,1
3052,23,104,1,1,1
3053,23,105,1,1,1
3054,23,106,1,1,1
3055,23,107,1,1,1
3056,23,108,1,1,1
3057,23,109,1,1,1
3058,23,110,1,1,1
3059,23,111,1,1,1
3060,23,112,1,1,1
3061,23,113,1,1,1
3062,23,114,1,1,1
3063,23,115,1,1,1
3064,23,116,1,1,1
3065,23,117,1,1,1
3066,23,118,1,1,1
3067,23,119,1,1,1
3068,23,120,1,1,1
3069,23,121,1,1,1
3070,23,122,1,1,1
3071,23,123,1,1,1
3072,23,124,1,1,1
3073,23,125,1,1,1
3074,23,126,1,1,1
3075,23,127,1,1,1
3076,23,128,1,1,1
3077,23,129,1,1,1
3078,23,130,1,1,1
3079,23,131,1,1,1
3080,23,132,1,1,1
3081,23,133,1,1,1
3082,23,134,1,1,1